2014-11,2014-12,2015-01,2015-02,2015-03,2015-04,2015-05,2015-06,2015-07,2015-08,2015-09,2015-10,2015-11,2015-12,2016-01,2016-02,2016-03,2016-04,2016-05,2016-06,2016-07,2016-08,2016-09,2016-10,2016-11,2016-12,2017-01,2017-02,2017-03,2017-04,2017-05,2017-06,2017-07,2017-08,2017-09,2017-10,2017-11,2017-12,2018-01,2018-02,2018-03,2018-04,2018-05,2018-06,2018-07,2018-08,2018-09,2018-10,2018-11,2018-12,2019-01,2019-02,2019-03,2019-04,2019-05,2019-06,2019-07,2019-08,2019-09,2019-10,2019-11,2019-12,2020-01,2020-02,2020-03,2020-04,2020-05,2020-06-DLC1,2020-06,2020-07,2020-08,2020-09,2020-10-DLC2,2020-10,2020-11-H1,2020-11-H2,2020-11,2020-12-H1,2020-12-H2,2020-12,2021-01,2021-02,2021-03,2021-04,2021-05,2021-06,2021-07,2021-08,2021-09,2021-10,2021-11,2021-12,2022-01,2022-02,2022-03,2022-04,2022-05,2022-06,2022-07,2022-08,2022-09,2022-10,2022-11,2022-12,2023-01,2023-02,2023-03,2023-04,2023-05,2023-06,2023-07,2023-08,2023-09-DLC1,2023-09,2023-10,2023-11,2023-12-DLC2,2023-12,2024-01
36.06105093793976,35.2427714296914,36.09645977749388,35.13734556860501,33.24885321055828,31.61871352095923,33.216371124914794,31.060794133600538,31.132327866950728,32.03967169734195,31.834535161331388,31.603053109457598,29.657328932032947,30.703526667311,30.730268973364378,31.305348469272566,31.43292204646393,31.78849788451958,33.38626390528934,32.2869447252902,33.36573078802419,31.593460058571544,33.92982907751867,34.235073672865205,34.84430715998793,36.646414657273475,37.36680633711168,37.962885885849836,35.85423535203182,36.68855112541251,34.87723873337271,37.03672268432071,34.76198828912521,32.04677255052838,31.152858851373388,32.23601225308597,30.972225670511584,31.148259804394666,30.641641630898377,30.91955200602226,30.640330986097645,31.4919489359847,30.751827645840596,29.777350729420345,27.982652105266602,28.61340802003624,29.048025952374772,29.590071433665702,29.409736784749217,29.2471474445237,27.468575753943053,28.146922602613216,29.627326159927414,29.709171777303062,30.837976829780438,28.344182039283897,28.982742382146377,29.533148901704394,31.092215513643136,31.349747935062755,33.077003417564804,29.787757100469427,24.01396376929671,21.92781877876789,19.695085681141883,17.67363979833503,15.872680541738507,25.833116258053263,21.057710750984263,24.780906134306868,27.674954434736886,27.7344702410068,18.026277453804525,22.594083008750708,21.423820569552735,20.44216119727502,21.011209329970413,18.674126905338646,19.828475529107916,19.30973312395962,22.905983102891707,22.070917692666075,20.488422654469833,21.008818335610222,22.1846097181188,21.779182601395053,19.67937315650823,21.055984244860987,20.810724301831396,20.787651666722155,20.455205498405128,20.599462894006557,19.97672684205374,20.824162492558067,18.87181788453653,19.30091121519883,19.394374680374376,19.218054544823705,19.382853965622427,18.41102715746879,19.197308188596416,18.74601015704643,49.01848966847085,38.42931871821969,17.389167700832395,14.160557495313752,27.317488641254506,22.89063913151448,22.989265982862086,21.25162271701283,19.373362673205605,19.839805321073182,31.2421321965149,28.106595798583328,20.903757827211727,18.660872472245725,16.17150522403005,20.186362675029603,15.504974343221516
69.19244031587077,72.26663943141617,56.66076550522428,52.373866122430535,51.40765535839533,51.88613061796682,51.40279764590674,50.970760537656744,56.65663294837851,57.92336736120822,57.14841023543594,58.145289330825804,58.83474392370256,59.46045126455128,58.8095527576756,58.79912493937254,59.840375658463955,56.6394765932122,56.388935179122285,56.417446280251355,55.37815286003901,55.92681329918475,57.37096402267942,56.45847707040866,56.57219108479071,56.420451555148084,55.09611117884634,53.88659012672724,56.03206623594216,54.82072140156347,53.15533831455421,53.29740281785775,68.72378114606373,66.68594982030922,66.34244931028857,65.15217393912083,67.95604851042577,67.3426043068855,66.4633712816416,65.61294892726187,66.95070805060372,67.0769544222851,67.06986586879606,67.75656288557803,66.95172706827505,67.61519816441181,68.19252139543134,66.63800361974674,66.39176941844643,66.83343653692596,66.46557076775353,67.72648850986066,67.77541642067638,68.05123805671892,66.95445014302695,66.49931649697791,65.5186342431722,65.36930459268986,65.81561960108705,66.45893579059079,57.32132515959172,67.34381738660501,78.10125326777705,74.04221602740323,70.90146649193396,71.04186915908839,70.50701594772518,69.95081658951563,67.72996730033535,70.66868486905253,76.26912691204033,74.5063837317269,37.58504741733002,53.558597935683295,45.15950464530521,49.53917192429904,47.4797793750552,55.63598355584413,63.46316090924255,59.44495292171918,54.32770366647481,47.08373945781831,48.99593257050641,49.9159069820705,52.27252695595968,51.963019310381725,53.81494733105066,52.48595192065373,51.834434093622654,48.816325190867715,48.280640784744094,48.81918993857815,48.79884557495603,48.527434298883115,49.08606575241692,49.95424655710598,49.669804888756005,48.99541456799059,50.211718706760045,50.92288104447261,51.56965607069131,52.16097401612349,111.1565801485858,124.29239792087779,108.04614782644843,103.34817005448608,87.39839308020971,94.56376779158714,89.92602506431552,89.46548500767305,97.43248920707413,102.99806524191418,78.93350803958143,84.50468614977746,86.85829709688349,80.10162055144954,82.17218845096154,81.39350195955058,91.03647857471745
122.55864443342394,119.44486637985946,122.55051728881526,124.6376298616942,123.56892074372988,123.40960002782991,124.16924125615645,120.4512115928524,118.1919972738577,116.7338833729548,117.08564281718486,118.7332653126522,105.68292139262897,104.53901256555993,105.03886322997585,104.64881243599966,105.97463712361437,105.49699597315609,108.08976440516876,107.82503807415179,109.51341059615679,111.34483238507096,109.36801773677895,108.23259941258925,108.0261820700275,106.01581734142302,105.59968536884882,107.56294256871733,109.18004098845574,109.17813616513885,107.32812910669116,108.25199456798507,104.10770451496529,103.70421237395124,106.44951281839106,108.55098581682509,106.22041383446816,109.30031429008876,110.79225493247483,108.60942201460098,109.63953899420723,109.0505476653745,110.58938945214751,107.69245963034538,110.22092454096307,112.05349632627843,112.56683744765866,114.48938521154638,113.00924501511915,112.92126075025035,115.64753949201717,117.19980816800944,115.94328661653026,116.075275633591,116.14765609232165,116.6708765527637,118.6780913175439,117.57418212601115,114.21595820299028,114.43630853568216,73.20623048213234,73.37409614147654,73.82067785562978,69.89181306125211,67.63232222751479,71.37965497358478,70.62876160377985,64.03069463418782,68.19041035817955,69.19033019676401,76.7309050534327,73.68625379990016,122.89875159254964,99.59068604846867,108.19872654279592,109.66352084840906,109.02739447671779,110.01670949085027,110.67533852135129,109.79714473863484,110.11724250158863,115.22367926034438,116.7313173291335,116.01578344319425,115.35448869487078,113.61827988169112,114.8547120343457,113.75991933090324,117.03809861634528,117.65407675831895,115.3839063404334,111.49027675858842,115.61369423177486,116.54183853343898,119.4625021512661,118.50124192921179,119.00985320575792,120.84244302008138,119.64991981026748,117.15832539498984,115.97164324402766,115.89231397688908,47.057320857851614,53.590710674289475,56.35715547251763,55.90618187028771,53.4677123852368,53.657143474115344,60.93624417124319,97.52008027485817,95.23713420423857,93.94016594805204,82.09259400008688,83.52010907971078,90.74135593874712,92.60123038454729,75.5959460647594,77.99826665114641,81.81688104389188
36.13574805107344,36.96663110159443,37.42546629519063,38.56249364576704,38.46276769958365,38.75591880875896,37.799594850180966,37.214472008263556,36.13284143542994,34.6016802383744,35.583784240399225,35.211773028970406,35.71964758696768,34.589158784032755,35.660693012960635,36.3888093627615,36.40877020134651,35.60985348870882,38.67821233812844,39.781217604975865,40.669858063236575,40.1286488423411,40.67235957091327,40.569143377806654,41.525609648862,42.602698941316206,41.63955240737549,41.170346342386985,42.61747662445606,41.00884898627314,40.822618247106334,41.82651502291632,40.201402052790776,42.24802585913551,40.356733278325024,39.42661923347439,46.945398792589764,38.56216266662519,38.36205922902452,37.81382421367788,38.19593362048684,38.12566337386095,39.60588071290585,39.68034625418165,36.55334599297886,34.552524166718044,33.8079885222961,35.008925332128825,34.895651309093296,34.41237836599985,34.43299016657253,34.54156685331981,34.73451007665551,36.1954604820987,34.578787874295536,34.26235620393264,32.359716220709934,33.70697760921309,34.5229453171241,34.4142187159919,41.22000078467726,41.074245106004945,42.3564214918775,40.64090839758407,38.41797047058557,38.421161132867674,42.83120281181711,42.640544248925515,42.92587515164458,48.22236969525573,53.57262856809771,56.54394713042499,32.116972135617665,42.52588902890806,31.182607256617583,38.081899950452815,34.56509623776041,45.56857937917402,44.48181121485276,44.75759044999072,44.022393079002285,43.941383700434,43.920617938133546,39.855865708947235,40.4495251580597,41.55338848925402,40.39665737928189,39.606342279779696,39.17779452312447,38.93411067757871,39.632265715448035,42.11732713635109,41.32773206896306,39.65468670759784,39.723477863102886,39.05550320028867,39.82308586077879,38.72688546233791,38.894533165977165,38.95500752896539,38.986914116575676,37.622957058028945,58.064858594894275,56.78152380542416,60.29378395710383,60.052876080098144,58.38829591317409,61.91154415893958,63.45224705658243,69.84839093421657,75.15533588180429,72.58701526931853,69.61892288606697,70.17458039169404,71.47026386379153,70.8188901279157,39.69800331661188,46.80998920393947,50.49635566009288
52.30804867654549,53.46870467596994,54.71011112657171,54.00868317700351,51.389793600648964,51.3759161051103,48.78410891041581,47.51351447631884,47.537493519974184,47.063046588427646,46.81247928035566,48.79763373351772,55.84591600168208,56.28789809406769,55.66925518315796,55.46144582616532,54.61364709860328,54.11078700464174,53.6784948523486,53.62935186488689,52.638047013843824,52.72250902344585,52.74253886072844,52.10681367831882,52.16110428806982,52.56510237048091,54.078719704998896,56.68054441880896,55.63006969206071,56.099564645221484,55.92384125174508,54.77918293441974,47.04413334557922,38.704043408419686,41.43823196034558,41.77900061617301,42.346353428337075,43.0368019807528,44.37056612730389,45.13939901337906,43.40142657077365,43.26765433112291,41.81990895275836,41.071202311236306,39.59428144656884,40.68436644595368,39.818492925968734,39.56844184476847,40.1996787838647,40.2799496862975,40.83032006636582,41.75022796656206,41.973963949126954,43.557463622612254,44.29850077416902,44.30923276520024,43.82582343942501,44.114335258327664,45.055635938600105,44.9103427488366,28.349160169323948,26.280834426131157,37.30781220111794,44.723176023427726,46.24387337542615,48.80576279544965,48.21724513705366,61.13177057215211,58.26933981904176,57.875086769847805,56.49146678563158,57.767279962718625,71.52103490935099,66.60469487779085,71.58459331285839,72.80967557211355,72.08716871722584,67.3324453015251,60.17963994703982,63.876945994265206,47.22999310489383,43.39394121247177,46.7140247121682,47.83706707569276,43.21588343244834,45.35441730653484,42.14645931764164,42.751532803580645,42.94155502507247,44.00864017041585,44.144409165685616,43.97152503451642,45.07945427469172,45.55629604409548,46.514688436755904,46.1488283124827,45.30037556796004,46.49602456283329,45.13635435400666,43.5510028160606,43.4639383765905,42.570098272453016,84.71294543155297,103.39668314235828,99.90018195989258,94.15129532775406,90.97499254960881,94.62315139379514,98.70365722538074,105.74355673030739,102.39643419643345,96.56955771522705,87.32891020282577,88.76758497173685,89.44350854849249,90.24573103177245,64.576759538312,70.72186218163922,64.49668740282567
98.93010158610626,99.58237581215762,101.94473476990413,101.36460682830581,101.82128704749019,103.97372273197902,102.46657513993033,103.23434632190812,102.94875311615228,102.67527941223928,100.7106211289779,100.76912192884848,100.01775001074478,100.94557330318511,100.65516822629618,100.9291482846335,100.15469497172207,100.56125771737337,98.8630372162095,99.66447820281469,99.31860990812942,98.87136757082038,98.07298825300163,96.60232197657486,95.34670225943893,87.79953476625799,88.2635548045652,90.80943831692153,93.76949179281404,94.97091849566621,95.72777821392853,95.34247156679683,105.59815348202041,109.43120057871145,108.41807102987376,110.40790172900306,113.11593690508363,113.69829163444152,113.93920054033012,112.43431724273785,111.91559805241435,110.35542006356788,110.01378941101743,111.80960160154635,113.34106077097803,113.50326260175426,111.03656720726728,108.80467528225651,110.2730675717711,112.13923543418981,116.71748858069105,118.55901138905774,115.15818740857902,114.84778178413336,113.68857078293892,116.37952408843233,116.62180899369402,115.64448789841131,112.10808368689293,112.3308089122778,102.80747521411233,101.28333442826414,110.48986546322732,102.98681534232281,104.63904465585267,110.34574455460738,106.67177071212805,105.53103146910512,102.40411191244984,102.91388681783901,91.73283672262971,96.7639077476992,113.86440648281017,106.27662423134751,105.68334795107748,104.47066984902088,104.99710435421541,100.82734090956997,102.355858818889,101.65161959034162,105.64380146436054,109.68989511184573,109.66097901287826,119.47280884240936,116.25515848248355,116.20701229213985,120.0783554364713,119.2402025621311,122.25000972011833,118.20714634522537,118.69494916348165,117.76136348532683,118.81244811494585,118.05738955672707,119.98609991217795,116.9558896171915,117.13519966908541,117.43852021146185,118.10519391537741,118.9775680941738,115.97969060324084,118.08515496252329,86.92828098943463,91.56296023682017,92.28551346612444,97.72673173248572,87.43642887101265,92.58363457237341,94.03895904995146,89.45279479266918,91.73408352024714,90.96869527483025,82.4227439668857,83.54342873773432,91.78095272136089,93.4070048788036,90.66261106253693,90.60992882827945,99.72529639705645
78.06642515911821,80.18630166939428,82.98091731601183,83.6262242488826,86.83533970114358,87.95280393695188,85.7561996562947,88.09756325022065,90.98589438856956,89.99683745145917,88.21773531666605,89.04810389388771,89.51109201858388,89.2356104679017,86.80667620448786,88.1270081892563,87.86388581595219,84.68625636190951,82.8594492305425,82.07125518853638,82.64314259527426,81.79910042082517,81.88123750898566,80.77294474327883,78.8342310540495,75.7354389802569,78.01109693979929,80.66947732123892,79.90236392081017,81.70675637244544,81.52522297733191,84.92474395971254,67.21169611951174,66.95857886795984,64.73302174045241,65.48960962781311,59.30564591331425,59.46758273235419,62.0212467492957,65.16834950952565,63.87297583254605,66.51331599626948,67.06358446868296,66.90226970547607,66.42579647670021,63.573401714427774,63.104153096457544,63.27919286469569,62.30105019478225,62.416783602246134,63.71265697535506,62.13613468057266,62.29651972376438,61.66658969515524,62.06110037258804,62.517107506627745,64.27858546757626,63.072955743867126,63.631358704860446,63.588609927836046,32.08136729591716,29.741825905058878,32.51244234897379,35.518168848925484,36.6301206575709,36.25173709851376,39.30904890902676,53.303042836878895,46.97779868329701,43.82407574043603,43.30161583778781,45.07641777058784,41.89131586788897,43.00361683390877,41.76805784008069,42.01733704508571,41.962714623145025,48.550845331612926,50.52780658642011,49.594101304123726,54.46697036796774,58.6788224882264,59.97688024901052,58.21944415097579,55.5837370666212,57.37728218314318,58.63151319093142,60.23105761284618,59.91967751642429,62.578525443600064,63.85522513502995,62.1308562193325,61.37871970569484,62.139485548237744,61.37305567658989,61.66464057622712,63.06057395226178,60.49519566602173,59.891487801045486,59.9418989110237,60.86136089214355,59.377685458773044,30.259807921045127,30.228058315827877,32.70712023378022,34.985789383213195,42.56942904192562,39.165785021229475,40.594266374614534,53.80342350315475,51.29662993623264,47.94217937156097,34.005766880999005,37.857152938635004,32.352792949980106,33.75413109921255,78.04558021169655,65.36024732143477,64.60959602892946
38.58653242889488,38.75211461099732,38.22102613403495,38.073208294580354,38.54712237814813,38.54670644631014,39.73747827840128,38.82484141014435,37.40856970574338,35.868420769553474,36.43983410306843,35.93148634668507,36.50803248557456,35.0418286779325,35.21022321962944,35.24788358814023,36.20168107476227,36.08330904129477,36.777513938744974,36.22067650408897,36.14522310884218,36.64150027881686,35.998174936832775,35.84209409573937,37.100148638546905,37.82039089882548,37.81536211821065,40.52732102597539,39.08218579777762,39.343429699246514,38.33346417855937,40.36524642109431,35.476904221666466,35.05048455158084,36.47353120472858,36.96027983290956,37.11451908588544,37.53724452803358,38.73885207823643,37.36869714412854,38.17691596140794,36.90728145694622,37.22500119312694,36.430306038704316,35.789111145011596,35.36884940858545,36.021587912364566,36.05416596466458,36.313826894550964,35.221429124105875,35.26121311321647,35.05977497913178,34.96169560584174,35.17234022602149,34.861537998876294,33.37634016552891,32.15869000063726,32.247471771778535,33.64122260782066,34.69400256182192,27.984520282249978,21.78481999881671,19.120321499670563,16.190508399240517,16.422228606220685,14.818844365211492,17.287256963915794,42.4630923169176,32.31721785366725,39.938286284793634,42.972212361246115,42.72288013706034,53.602256775687835,51.06839823546179,36.06422238055961,40.477109866155466,38.22359491181611,39.0924717193004,28.103478161827475,33.568161405453075,25.17728769836057,23.9559658592882,28.501134712159793,27.385573253245074,28.882020068548073,30.466032773230193,32.60531826267084,32.71313994705374,29.973838995851334,32.43055674971369,32.04618323899555,35.10589503791384,33.4613887644134,33.01741632552554,30.805609425245954,29.35598350633927,27.950108824031236,27.486384454737593,27.601840324143375,27.159439992041772,26.833132712399234,27.03059384395384,25.163307065990317,28.225693332016156,29.989972740840624,30.284018919884154,24.474400371511393,24.611563926814345,23.501375738767646,17.513316985366245,11.928363085058894,10.710682970118452,17.68168074065804,15.681062800115479,19.343122689657722,20.050758454329262,23.23058573124209,22.188721831937155,26.417395518042177
63.41715144812857,63.993817251060825,65.90466445404407,66.60297999405056,66.6517893577513,67.0418208066821,65.85777513224974,65.59989001997396,64.54158877544731,64.9897055817906,66.27949482202602,64.90992473878993,65.28027319636716,65.67829775512358,67.21243501704579,66.41639395664731,66.2089275905082,72.40218175462722,70.85046913331135,70.43916454432599,69.61323280610006,67.94592318447332,68.38155829779883,68.41681144885787,68.98955151014607,71.80905904576218,69.70547665358121,69.13939223111741,70.06513454175754,66.63175221620489,66.0406120825895,65.7726475414474,58.716606767253516,58.85419684177218,60.56840150535462,61.68290801668665,63.749884256962154,63.60899322039678,63.09192613375426,62.89765269693833,63.149171610970626,62.277418306598115,62.57317174170169,63.27319915523779,62.52205221027491,64.12542739307104,64.83260430199687,66.18435901437871,66.52500428499785,67.77956782928841,68.07208814208127,66.73686030679039,64.3955030316945,63.11425875049395,62.3945722819318,61.68349026619412,62.459930414993266,61.69576349206809,63.82301504209244,64.94385662138316,44.2803144422382,46.97368526733959,53.93763593598345,64.06008498972656,61.09143180785221,58.82042314895493,57.934255697846666,81.17958634274629,79.37437525222799,82.759902474976,65.80652383966176,63.73780475236994,65.7363312910356,62.838128774224586,66.53836445856926,71.77455298474327,69.22594539798197,69.26755560772249,69.43942571839743,69.21224560426066,71.62777006559855,70.0860106021525,59.740226750681636,59.18005352211556,60.064442066990225,59.02628655497057,59.61780517855919,59.90167578246492,59.373063804163515,61.8006341358651,62.37455604050551,62.60365126678339,62.28694593925579,60.991381820496194,61.285494153852994,63.85421958149263,64.74970472816376,65.18046134586477,65.28363499644063,65.7734301030971,63.80681537709164,64.89284051966717,67.97199643962342,84.4258357644963,78.91567329449167,76.47411074337883,83.17794046591153,80.80776628213728,74.05297501291477,63.60193417212331,59.07739944135537,61.97034519210301,76.70353439165584,71.79280885909118,69.9096287262375,72.85818255617107,76.53584102243474,75.9491810739433,70.11940182513952
51.36156327320389,50.90009542545791,51.95301629266069,51.35568266113393,50.82782226023245,49.49343205617974,49.774440998857514,50.46962349652974,50.87087921715247,50.88945064165314,49.862289381301935,49.534795422468854,49.0458710841475,49.30730267647139,48.40506045693052,47.508635276390606,47.62008585627951,47.257370374599176,47.86870281035012,49.29406043231759,48.7442602564499,49.97207693662548,49.288828305016885,48.92768418862209,47.51081284272203,46.597383498779365,46.66745910502112,47.52881669480806,45.83111178629911,47.959179323662426,48.76521929090989,47.04634187744017,50.34038023454873,49.86596063771748,52.056884201647726,50.96262536881413,48.43902166249338,51.591616657168565,55.69734322063268,57.86839220535153,57.588452437992444,57.28385872711589,56.79713188388683,55.23376081774776,58.83487585716999,54.35821855163454,56.066155854346704,55.85958442165193,54.5395288406806,53.93772508658956,56.45810326233187,55.937803920301086,57.74727324500743,57.47387999904826,58.07652826643529,59.90547886668184,57.06073774558313,57.6434385866463,58.12204651555769,57.66023501890442,52.02847811964809,55.37363947736231,55.01193757040334,58.391241240654004,61.79262676762914,58.71014511468462,59.927140465121795,46.64822788258107,51.574891719961634,49.67670197449609,57.62694981550907,59.07480505952904,64.46025613807628,62.37327928164843,58.37861333029196,54.67795999762889,55.88579894192094,51.41824851637659,49.20740968397573,50.694574741891614,51.64822189951824,52.54201992090541,58.12451287141307,61.9196992088864,59.95906893287578,58.989182063518165,57.42492115497295,59.382051667257386,60.22189968249793,58.615842692324534,58.492812075435424,59.44924367016365,60.55311159097187,61.7500365005161,61.46982140540587,61.37428488349689,59.957393147683426,60.11646550404777,60.37109937864885,59.760635572517096,59.74501670053935,58.39688692584444,31.694397417046364,30.349807688150378,37.62386436359603,35.98904557994382,29.962163730830746,30.76542464074253,35.40382956534272,35.91671021053654,42.19153463614157,45.25529243485422,27.137958925036084,31.68402734514698,25.753791036161992,30.742717497108554,33.69155936930645,34.66044007990297,30.817816880697332
26.3665247463254,28.44655561870976,30.768811903888484,30.87957645977911,29.321288592139062,29.083020628595264,28.513176969824976,27.92769566310198,27.462597109757443,27.716812065015112,28.162657146442726,28.125174643691324,27.592365367485264,28.07273151812162,29.266806970203223,29.222511903790952,29.183743827863786,28.67533228000502,29.426020319656303,29.4089014594025,29.958608348061237,29.52690510254846,29.881201086473695,30.689746342031597,30.732722037750126,31.155767985905925,29.349674380455262,25.807663105531958,27.38689099787754,28.369493133525243,28.36292142118396,27.769054489899844,37.16740769292153,32.32141834184998,32.28200644567809,32.61485668679658,36.91459208983969,38.93564521107247,33.31606185295152,30.991602861104017,30.14232451467402,28.682300377837716,28.666224792915123,29.133247569066036,27.29909208067108,26.358937366355736,26.919691897417156,27.934852827629975,27.542848920497946,25.770525009348532,25.267723502951096,24.41744219583976,25.830106074163808,24.54183956953736,26.00335420303581,24.370443756098904,21.7547444273896,22.054317859818514,22.790362248065794,23.15023529970722,95.75850598894978,90.08793211385793,89.27752902919568,76.63768107939852,73.5330305654932,71.3922721771725,73.6234278982445,58.28650209429155,62.27770592987461,52.55424722336487,55.397177270340485,56.175959444941846,42.35066126755946,49.609667599064636,43.90197693347579,40.47551607935157,42.37183138838856,38.60356102683809,39.48636113834499,39.404185984973054,42.38761094340142,39.84598552775365,42.02792368950147,42.02469537325263,43.02860516926701,42.80935208670696,41.83812721919364,41.29152276664181,42.481687242641485,46.24102044621158,47.386216929136005,46.69394402149543,45.70601480599466,45.54443854241097,41.71669210558718,42.42913646507358,44.27337090002693,45.223541073678504,43.15247754782915,42.509803936725866,43.32068933194969,45.8757617914259,89.08246736506449,94.26660502233604,85.45864135000619,84.89495748528883,87.86973918722065,84.54241502113216,79.30677676974558,73.5488190279239,66.68409269020705,61.8843530874379,55.32678447371621,56.477196260093095,63.8508564226852,72.42432901235289,42.43411653079467,50.981113191375705,51.43146469354972
23.89454398941791,22.74859005517282,23.143278644976853,23.487880830361746,24.995474178835178,24.40760036532824,24.536180262867347,24.16034879269359,23.590459951929994,23.86450523326485,24.962343803128505,24.23617159698102,22.786052220636954,23.70361168378794,24.067178567231174,23.8316381750484,24.936225030721246,24.81414198499868,24.595060197557295,25.59521524160556,26.32858154794384,25.694942222223446,25.631845678801184,27.914002877091892,27.527692431964876,29.317298322460168,28.1385049745891,26.148689537790702,26.378686003012056,23.296870061609795,25.032443927131723,22.98845696825666,20.71758844510961,24.384209186195136,25.22538681395767,25.021366128718185,34.43007298056038,31.73472724638892,26.433920004438686,24.76591826585473,23.820775807172755,23.65045293896018,22.74067744010143,22.25641388346094,20.91773227002294,20.751512550898557,21.174856845707044,21.77786827718867,21.131831926513872,20.247140086111266,22.962990670386382,23.159280933429,24.335390656193244,24.284619372966667,22.93552276370404,24.09993919693178,24.412234499910006,24.63764554725895,24.81815188273647,24.601120817830434,20.028399049250794,18.229282984678036,16.92711174557743,18.885443317981256,18.038499798475275,20.23183907430558,20.688489152557626,18.59627996699814,19.4835371908722,14.115954511175099,13.930466369501872,19.61649600316107,22.045076344161608,22.96734466560842,19.864171118026157,19.035182983501787,19.641969302654786,17.698239738004446,18.65501272380908,18.452015617281468,18.93426371559253,18.200171522195067,19.775348687822426,18.31277665055548,18.822773208782124,18.530321983930403,17.923821801599047,18.590316874660473,17.671697857990864,17.404882886929578,17.581725248325398,19.303870152515813,18.333581399939348,17.10383752487502,18.253677297408913,18.597898704820228,18.641799802611544,18.769998876015027,18.760834838414986,18.844053185073403,18.596267265707514,18.36012730220087,33.636007621768016,36.88598773787858,38.41594965446389,35.69849683193007,31.240495670855598,30.577356572605083,31.67522993752933,33.494085439003634,26.25563808552834,25.77769511338618,25.956129344637368,25.19535762902738,27.927306380500596,28.84081202439559,37.94276951745495,35.73904379405633,30.759309210955237
51.61656376286708,50.34178299834385,52.33872969742201,53.06287207564078,54.46043196582855,55.336852959045814,53.27939016311602,52.06481658161283,53.30260784031766,52.765616428041255,52.08515207877097,51.80574999911122,53.43948858058062,53.52881479500669,54.9354169492301,55.03960438233529,54.1224492239628,52.03125029899936,53.90941856150368,55.835413013894396,55.821268189099264,55.736393040874695,55.4788046820647,55.939005135080464,56.421075163952956,54.80461558519153,55.020893236003566,53.15203591773397,52.912795088396884,55.039951671904845,55.7853956247632,50.27372262773722,56.3547079131968,56.77820861478443,58.58273180603505,60.83011818446086,58.084169167231934,60.71322167861378,61.894153554167296,62.94208097960317,62.46118562294535,61.757948037942775,61.51283579953875,62.62689654250397,62.75754875819733,64.37505648228756,64.38182816708215,65.56976694908683,66.60415295643692,66.73705471291822,69.44657245681451,67.97143420588071,67.25653911761238,68.04613782444203,67.75951817057643,67.86148593344403,68.49527602002493,67.79657796870796,68.20245974171064,66.32438741448992,43.04659928285801,39.30479964222388,38.73777018937168,43.19543150886788,38.69651896242442,37.74663072941372,40.655732518136205,53.09272554704941,50.42900407151494,56.493785779171795,64.78889360362207,62.00728233553538,34.8335665798767,46.907996585676685,42.919748012398614,49.04191044148454,45.79989306801133,50.49701539480151,50.61263770669425,50.93066708050788,54.00637213609751,58.111387015747006,61.3150800209166,55.50528628976945,56.26577820263028,55.12313925392568,51.47817080584513,54.60491665663274,54.67515909138185,52.909780236166824,52.8739965093365,54.592531395890305,55.36407289815287,58.15951285355437,58.54934418295044,59.160532926013246,59.4805157133039,60.266670768856244,59.22108764123858,60.240593528003075,63.37089658422376,61.46618088737732,40.49046185009571,36.77700987613652,42.82572224748731,48.779270833134696,49.44795319834761,47.038571082571735,47.55432897037063,41.00654796597688,32.859665056789254,35.15993503161528,71.17514397016879,62.44313372814532,55.742987853006255,59.7141194381934,55.37000188055312,56.98476527818191,53.13881778551718
108.73146826065822,111.25323699322831,96.72005251157437,95.44536112753276,97.07636165431106,95.89445150871835,94.49422517497288,95.59058004471707,93.66263747019792,92.20661983800008,93.27620763430963,94.53506205405864,94.28968986675588,93.43462464030941,93.24133827936733,93.19050749933545,93.34222178443615,100.49925720580534,99.12691541061653,98.66239212323651,97.79680887354655,98.766750907103,96.79433659470678,94.96789888431142,93.81353837018585,93.11722383356792,93.7904683425336,94.56305214010733,97.15286532093262,97.3130285504799,100.60860096870981,97.93823912182424,106.88836726796946,107.4790577614543,107.8163784667984,105.52198170194102,101.18506532586107,103.06564298287549,103.63170296783647,103.87567292095291,104.8204346224859,104.83571884599021,105.18227377020398,106.58592807618213,105.9169414321372,107.71621111636107,106.01617973134896,103.63359315162933,105.29518239278511,106.27131626166786,105.86105336459909,107.42988063842336,108.48109018642226,109.00844843610145,109.74224650279113,110.07349119099601,111.4215565855047,113.99089157192884,110.14279872414856,109.40579167015699,108.09674239003171,115.3819166247597,110.93988884244528,110.14005981167534,105.76806063048782,107.2409324950515,107.1993571934825,103.21360373811069,97.8227034869,99.06500132832852,95.073677040435,89.02764532622962,64.00966783846134,74.706331287258,82.92771141200001,94.18193719473392,88.2369253821007,96.65076998805165,93.01428265392562,94.09777116242769,93.64482808776417,96.91959640263259,98.21917822435942,94.2119396727857,95.8473454640825,94.21876084580693,98.3788006758968,96.42469210068927,96.21054789121352,94.61419376972987,94.88905213110881,98.08403281397233,101.02338220112814,100.56550063642023,101.71429206543601,102.72625357777211,103.34207062358715,106.5070533145037,107.50424487100618,106.58582882852369,104.63923703773882,105.4551799228255,76.30820532350499,57.00597206940404,76.32633541544794,90.93041469720748,93.30895228234273,88.47133011671043,91.16752249589436,96.25496716768755,90.70258451286456,94.99513097021715,99.56431761900188,97.99352519308346,98.08047523672855,100.09077180255665,85.9586485905621,88.74380058896557,84.13883758264814
72.15832353634308,72.2603920651098,72.38761439965084,72.8855936830452,74.64849830080198,74.66769686056342,74.59088508914257,74.14525694966939,74.77274292695365,75.75121284812238,76.37465249491103,77.6984503372001,77.05658893039806,77.28539948214217,77.07482550342031,76.96972927130318,75.66065921697006,78.1116825675866,78.36964292735838,78.86182815652847,78.09671565714098,77.08917132706202,77.01494873408392,76.96214900657654,76.52462628308622,72.33868491387898,73.0562296165299,72.22489159982361,76.09011617291112,75.53323195963242,76.8471534336632,75.72002489673513,84.3689106236515,85.0596556753534,80.78375528361063,79.14537884243447,77.47975921222137,78.85289645930321,80.64852478013152,81.58161872143809,81.79113338596856,82.5660284287356,82.85970361455159,83.23255672538627,86.03544076811417,86.81150185184894,85.80992034966911,85.69197009522765,85.12651641312883,86.39530774107219,81.60365734892626,81.70353311734225,80.40754483094908,79.63181635702932,79.01147371245557,80.43052053591741,81.71274998980316,81.20161034734762,79.2494392969297,78.87312062067605,53.4294344013723,58.835548874107594,71.54330291673455,64.02513387917986,65.77410442333134,66.69784558696718,62.912743398618645,40.8788350683168,46.332193497378555,44.76437701391746,48.634903143411336,47.38003576317478,87.75712443342155,70.19489092217702,89.76610913668144,85.33918858915756,87.81823538337095,87.04291607272822,88.27945892931717,87.55744257691096,86.85778939874434,87.98269970847097,86.39984675789009,87.16617279899616,85.05174068105228,84.78066191311696,82.90479584073174,81.95707677685098,81.56221523729013,79.5423889610204,78.68027613675127,77.21422143998225,79.42433159315273,79.40563108096154,81.70149995562875,80.78008569136395,81.27620244901465,81.00133025474486,82.07993271823791,81.00766723920012,81.87443769959881,82.55532193923064,72.91016391113772,76.94978928787296,88.08822903001865,89.45714163515942,88.15727203043454,87.23095262628146,87.31562819699091,88.03588162313319,91.60086263016049,93.21146962434948,103.12133718610612,100.28792322739713,91.82573231712053,82.62194809641335,77.54607355160775,77.7932665755352,86.2140534244423
20.50301601220983,17.652599578119027,17.273942099704,17.541674354504064,17.12335942142284,16.821272039237694,16.458376136483647,18.956349215352084,20.909559986610972,19.999419123737407,19.89890332878654,19.87087920877964,20.777277710874344,21.205155561196776,20.130825094428996,21.178416610262772,21.712113541433613,21.691631653174753,22.431562995329205,21.825724901988387,22.781962428766143,23.61107758749698,22.632555179490385,23.78545243900982,23.703078216839913,24.83895342475366,24.485274979294044,25.66572362998012,23.574058952676303,23.341446883245872,22.1697324272017,23.530951168449047,16.224311884475185,16.82881514682924,18.31513621665706,18.39601490810785,16.459486314475285,17.690362326567474,17.704684187435998,20.280376585099024,20.025471838714488,19.675028716993257,20.283810780493212,20.219876235520807,17.50678763522626,17.71918333129192,18.46682684796856,17.15514366838903,18.593386502574173,19.25966789477827,17.312211006473333,17.381596443116827,18.21606455756458,16.73053784188301,16.466155015516204,16.97410129451008,16.211943168158605,15.923239303767593,16.968625325832825,18.26926665566362,53.664548299206004,46.960799113362,17.486459536241334,28.922264837484928,29.98410215471642,31.845974976798285,31.758214577213153,15.048921345131147,21.008859466130634,14.866540475455917,16.26912401923733,18.249587647678936,28.665207307776328,24.49831949365547,27.37314256633008,17.137108725339644,22.446020859766953,13.943179465221899,14.415466681967647,14.464748191850948,16.742148947141697,18.7087369505415,23.50644416974509,26.847199442582756,27.561935827367208,31.131605857028713,35.147534322393554,34.36648072097421,37.08713593256014,37.18966472377646,35.92879076500422,30.299269751306916,27.036086925722486,28.24348695911514,30.53719393626903,29.71181636964298,30.403394661101473,28.18708409889136,28.157315651089103,28.159562563897893,28.46562726316221,29.056463299657725,51.42880245712915,34.331799526011324,34.170123518501235,25.130570683005857,17.620673903847674,20.58147676821507,23.717682834353557,21.707626051210003,22.052826768387927,22.347728420223493,21.731563040152967,26.651956742536946,16.09619337270437,13.905295315068662,15.64053898606437,14.805921277269006,21.528743116544067
65.84142693666261,61.03061331987496,61.52890745566321,62.12809380542303,63.01264157479142,65.15384401778061,63.530026209929055,66.34686022327433,64.88885773911447,64.7384012994417,63.84774164612808,63.33408938201908,75.13336209853374,74.94386809182049,74.47854145921713,74.36212782467808,74.28608776601831,74.07861945527576,72.87181707529163,73.47227732486955,75.04749944128163,77.15326541226896,75.8145267251412,74.3679381340198,73.58640634976219,77.45819970368514,74.53719752774522,72.89091529279759,73.31733332554269,73.9003318293731,73.54616731577276,73.60450970406836,61.55804471452296,67.08533012340989,66.02106924334669,66.15078205189207,70.07037101237407,62.218013613927475,61.27217103438292,60.820815160491904,61.41472168813748,61.14734633535479,60.270135807939354,61.161077973174436,60.34226434200884,60.491262192521205,58.647949821731935,57.32773385455481,59.23289016227975,60.51780479380501,54.18819759657713,52.26983507386394,53.12430194957354,54.98023071796281,54.651738295921696,53.80306183842116,52.905335674863984,53.4698453972653,53.95617793752745,54.328966040278964,83.39879040372249,90.25065069929009,98.37478126261946,89.07861998328364,87.48369676648312,85.80764164610204,85.8316103334839,53.349873346746065,59.79503143365142,58.67993066982037,63.122870505265176,60.87040398713652,82.09071266937002,73.93554334830363,82.06691288930897,62.97500438990398,72.8859057915592,61.20057877741742,63.81598827825637,62.28495088827574,66.02682432445305,74.23825669002608,76.20639984478109,77.53827708674038,78.71072154620832,79.37332232739034,76.83944413928667,72.9620076339957,73.866593363724,74.2439785552254,74.09161367812943,71.34686194995545,66.54287745058633,65.34754840892691,62.78880150296002,63.26117648707447,61.81049657973459,61.47026666740029,62.133969337685606,62.76659801450987,62.75854095326819,64.34868418668296,85.50409865046254,90.49265924088675,76.15304132701468,80.7725519478202,107.08924644901636,103.30295461080013,94.35619452105415,78.06313381964415,85.82718948016914,83.0628973760711,64.9764842551844,71.08942464816653,68.85306698663992,60.33919393144946,114.5534815876753,100.61701797842818,104.80202587463356
44.79492503234237,47.12505543006381,50.472689158676346,50.155175075591835,48.81641983084241,48.035292685226636,48.94401827974539,49.739277731858905,49.74470208798817,50.695674623237196,50.67328398804117,49.60522882323037,54.82544312875489,54.76174586762535,54.80331303269621,55.86552880448697,56.565673268453715,55.431487202188656,53.89994634983367,52.20102725554689,50.42250534764962,50.426790472476995,48.906849671742116,49.09956044848013,49.445964682603865,45.11058420015122,46.21294092601391,47.9671796904976,48.007034939517936,47.74798749656692,49.016715193178754,51.052452894245455,90.41291448411474,94.22592914326523,95.10733422061514,94.35841436014971,92.3056216893435,93.82759452362029,92.7854250971361,91.44699275841859,90.36248101621304,91.92321737207023,92.0936669499937,92.09743660294149,90.54981483162639,88.8568893720348,88.66316979484738,90.22122213482368,89.97472168674445,89.7947872560324,90.60487316453582,92.50309515979176,90.25704253559199,89.8633604512127,90.40485726212066,92.66919755894813,93.7673126520429,91.3405008826827,89.50627103496929,89.21922250327515,58.62884337425929,71.26390899244957,81.25117781666441,75.80755079264618,81.76091098531948,80.73423958405694,82.75843885420001,86.69923393790951,83.97934752838516,87.63259182606608,76.46297364044163,76.64791370588233,67.36373183108833,70.74038691999716,73.67706610261271,75.70118231019676,74.98518207569525,78.74621370707267,82.85248335459838,80.3893281434984,78.14395774841266,75.09162771758227,66.91013685585916,67.85832779348858,65.31865967953095,65.15952557454418,67.77270849358479,66.60294832557868,66.15143323552952,65.52294047618363,66.3100660605345,65.98685473071365,66.2093963385369,66.9856870636986,67.4323755691195,66.28065848523173,66.79569701398003,67.44152386761323,66.30132254212586,67.52846389538963,65.80246970227242,65.7528293261029,53.97088849914019,54.34108319447895,54.83586695688557,53.064962936346845,57.30286655581428,59.64972872157568,61.69942399632182,57.45943584434864,64.53384057180233,61.31792347962361,70.5190479835168,68.62294362016165,75.38001010476427,70.60283106309424,62.67320321696699,61.671684098718515,60.74161785359853
